PermissionName,ApplicationPermission,DelegatePermission,Description,ApiCount,ApplicationGuid,DelegateGuid,SourceFiles,View,OnlineMeetingArtifact.Read.All,False,False,Read user's online meeting artifacts,2,,,onlinemeeting-get|onlinemeeting-get|onlinemeeting-get|onlinemeeting-get|onlinemeeting-get|onlinemeet,https://graphpermissions.merill.net/permission/OnlineMeetingArtifact.Read.All.html
AppCatalog.ReadWrite.All,False,False,Read and write to all app catalogs,10,,,appcatalogs-list-teamsapps|teamsapp-delete|teamsapp-publish|teamsapp-update|teamworkbot-get|appcatal,https://graphpermissions.merill.net/permission/AppCatalog.ReadWrite.All.html
AppCatalog.Read.All,False,False,Read all app catalogs,7,,,appcatalogs-list-teamsapps|teamworkbot-get|appcatalogs-list-teamsapps|teamsappicon-get|teamworkbot-g,https://graphpermissions.merill.net/permission/AppCatalog.Read.All.html
WorkforceIntegration.ReadWrite.All,False,False,Read and write workforce integrations,5,,,workforceintegration-delete|workforceintegration-get|workforceintegration-list|workforceintegration-,https://graphpermissions.merill.net/permission/WorkforceIntegration.ReadWrite.All.html
Presence.ReadWrite.All,False,False,Read and write presence information for all users,2,,,presence-clearpresence|presence-setpresence|presence-clearpresence|presence-setpresence|,https://graphpermissions.merill.net/permission/Presence.ReadWrite.All.html
TeamworkTag.ReadWrite.All,False,False,Read and write tags in Teams,9,,,teamworktag-delete|teamworktag-get|teamworktag-list|teamworktag-post|teamworktag-update|teamworktagm,https://graphpermissions.merill.net/permission/TeamworkTag.ReadWrite.All.html
TeamworkTag.Read.All,False,False,Read tags in Teams,4,,,teamworktag-get|teamworktag-list|teamworktagmember-get|teamworktagmember-list|,https://graphpermissions.merill.net/permission/TeamworkTag.Read.All.html
WindowsUpdates.ReadWrite.All,False,False,Read and write all Windows update deployment settings,29,,,windowsupdates-azureaddevice-delete|windowsupdates-azureaddevice-delete|windowsupdates-azureaddevice,https://graphpermissions.merill.net/permission/WindowsUpdates.ReadWrite.All.html
ExternalConnection.ReadWrite.OwnedBy,False,False,Read and write external connections,14,,,externalconnectors-connectionoperation-get|externalconnectors-external-post-connections|externalconn,https://graphpermissions.merill.net/permission/ExternalConnection.ReadWrite.OwnedBy.html
ExternalItem.ReadWrite.OwnedBy,False,False,Read and write external items,17,,,externalconnectors-externalconnection-post-groups|externalconnectors-externalgroup-delete|externalco,https://graphpermissions.merill.net/permission/ExternalItem.ReadWrite.OwnedBy.html
Sites.Selected,False,False,Access selected site collections,0,,,,https://graphpermissions.merill.net/permission/Sites.Selected.html
Sites.Read.All,False,False,Read items in all site collections,162,,,columndefinition-get|columndefinition-get|columndefinition-get|columndefinition-get|columndefinition,https://graphpermissions.merill.net/permission/Sites.Read.All.html
Sites.ReadWrite.All,False,False,Edit or delete items in all site collections,246,,,columndefinition-get|columndefinition-get|columndefinition-get|columndefinition-get|columndefinition,https://graphpermissions.merill.net/permission/Sites.ReadWrite.All.html
CloudPC.ReadWrite.All,False,False,Read and write Cloud PCs,50,,,cloudpc-endgraceperiod|cloudpc-endgraceperiod|cloudpc-get|cloudpc-get|cloudpc-reprovision|cloudpc-re,https://graphpermissions.merill.net/permission/CloudPC.ReadWrite.All.html
CloudPC.Read.All,False,False,Read Cloud PCs,26,,,cloudpc-get|cloudpc-get|cloudpcauditevent-get|cloudpcauditevent-get|cloudpcauditevent-getauditactivi,https://graphpermissions.merill.net/permission/CloudPC.Read.All.html
ServicePrincipalEndpoint.ReadWrite.All,False,False,Read and update service principal endpoints,0,,,,https://graphpermissions.merill.net/permission/ServicePrincipalEndpoint.ReadWrite.All.html
ServicePrincipalEndpoint.Read.All,False,False,Read service principal endpoints,0,,,,https://graphpermissions.merill.net/permission/ServicePrincipalEndpoint.Read.All.html
TeamsActivity.Send,False,False,Send a teamwork activity as the user,3,,,chat-sendactivitynotification|chat-sendactivitynotification|team-sendactivitynotification|team-senda,https://graphpermissions.merill.net/permission/TeamsActivity.Send.html
AgreementAcceptance.Read.All,False,False,Read terms of use acceptance statuses that user can access,1,,,user-list-agreementacceptances|,https://graphpermissions.merill.net/permission/AgreementAcceptance.Read.All.html
Agreement.ReadWrite.All,False,False,Read and write all terms of use agreements,3,,,agreement-delete|agreement-post-agreements|agreement-update|agreement-delete|agreement-post-agreemen,https://graphpermissions.merill.net/permission/Agreement.ReadWrite.All.html
Agreement.Read.All,False,False,Read all terms of use agreements,2,,,agreement-get|agreement-list|agreement-get|agreement-list|,https://graphpermissions.merill.net/permission/Agreement.Read.All.html
ConsentRequest.ReadWrite.All,False,False,Read and write consent requests,6,,,appconsentrequest-filterbycurrentuser|appconsentrequest-filterbycurrentuser|appconsentrequest-get|ap,https://graphpermissions.merill.net/permission/ConsentRequest.ReadWrite.All.html
Policy.ReadWrite.ConsentRequest,False,False,Read and write consent request policy,3,,,adminconsentrequestpolicy-get|adminconsentrequestpolicy-get|adminconsentrequestpolicy-update|adminco,https://graphpermissions.merill.net/permission/Policy.ReadWrite.ConsentRequest.html
ConsentRequest.Read.All,False,False,Read consent requests,6,,,appconsentrequest-filterbycurrentuser|appconsentrequest-filterbycurrentuser|appconsentrequest-get|ap,https://graphpermissions.merill.net/permission/ConsentRequest.Read.All.html
Mail.ReadBasic.All,False,False,Read basic mail in all mailboxes,18,,,mailfolder-delta|mailfolder-delta|mailfolder-get|mailfolder-get|mailfolder-list-childfolders|mailfol,https://graphpermissions.merill.net/permission/Mail.ReadBasic.All.html
Mail.ReadBasic,False,False,Read user basic mail,18,,,mailfolder-delta|mailfolder-delta|mailfolder-delta|mailfolder-delta|mailfolder-get|mailfolder-get|ma,https://graphpermissions.merill.net/permission/Mail.ReadBasic.html
Policy.ReadWrite.FeatureRollout,False,False,Read and write your organization's feature rollout policies,0,,,,https://graphpermissions.merill.net/permission/Policy.ReadWrite.FeatureRollout.html
RoleManagement.ReadWrite.Directory,False,False,Read and write directory RBAC settings,68,,,administrativeunit-delete-scopedrolemembers|administrativeunit-delete-scopedrolemembers|administrati,https://graphpermissions.merill.net/permission/RoleManagement.ReadWrite.Directory.html
RoleManagement.Read.Directory,False,False,Read directory RBAC settings,47,,,administrativeunit-get-scopedrolemembers|administrativeunit-get-scopedrolemembers|administrativeunit,https://graphpermissions.merill.net/permission/RoleManagement.Read.Directory.html
Organization.ReadWrite.All,False,False,Read and write organization information,14,,,certificatebasedauthconfiguration-delete|certificatebasedauthconfiguration-delete|certificatebasedau,https://graphpermissions.merill.net/permission/Organization.ReadWrite.All.html
Organization.Read.All,False,False,Read organization information,8,,,certificatebasedauthconfiguration-get|certificatebasedauthconfiguration-get|certificatebasedauthconf,https://graphpermissions.merill.net/permission/Organization.Read.All.html
Place.Read.All,False,False,Read all company places,2,,,place-get|place-get|place-list|place-list|place-get|place-get|place-list|place-list|,https://graphpermissions.merill.net/permission/Place.Read.All.html
Member.Read.Hidden,False,False,Read hidden memberships,2,,,educationclass-list-members|educationclass-post-members|educationclass-list-members|educationclass-p,https://graphpermissions.merill.net/permission/Member.Read.Hidden.html
ExternalItem.ReadWrite.All,False,False,Read and write items in external datasets,17,,,externalconnectors-externalconnection-post-groups|externalconnectors-externalgroup-delete|externalco,https://graphpermissions.merill.net/permission/ExternalItem.ReadWrite.All.html
AccessReview.ReadWrite.Membership,False,False,Manage access reviews for group and app memberships,15,,,accessreview-addreviewer|accessreview-addreviewer|accessreview-apply|accessreview-apply|accessreview,https://graphpermissions.merill.net/permission/AccessReview.ReadWrite.Membership.html
DeviceManagementConfiguration.Read.All,False,False,Read Microsoft Intune Device Configuration and Policies,990,,,intune-androidforwork-devicemanagement-get|intune-androidforwork-devicemanagement-get|intune-devicec,https://graphpermissions.merill.net/permission/DeviceManagementConfiguration.Read.All.html
DeviceManagementApps.Read.All,False,False,Read Microsoft Intune apps,207,,,intune-apps-androidlobapp-get|intune-apps-androidlobapp-get|intune-apps-androidlobapp-list|intune-ap,https://graphpermissions.merill.net/permission/DeviceManagementApps.Read.All.html
DeviceManagementManagedDevices.Read.All,False,False,Read Microsoft Intune devices,224,,,intune-devices-applepushnotificationcertificate-get|intune-devices-applepushnotificationcertificate-,https://graphpermissions.merill.net/permission/DeviceManagementManagedDevices.Read.All.html
DeviceManagementRBAC.Read.All,False,False,Read Microsoft Intune RBAC settings,33,,,intune-rbac-deviceandappmanagementroleassignment-get|intune-rbac-deviceandappmanagementroleassignmen,https://graphpermissions.merill.net/permission/DeviceManagementRBAC.Read.All.html
DeviceManagementServiceConfig.Read.All,False,False,Read Microsoft Intune configuration,106,,,intune-companyterms-devicemanagement-get|intune-companyterms-devicemanagement-get|intune-companyterm,https://graphpermissions.merill.net/permission/DeviceManagementServiceConfig.Read.All.html
OnPremisesPublishingProfiles.ReadWrite.All,False,False,Manage on-premises published resources,6,,,publishedresource-delete-agentgroups|publishedresource-delete|publishedresource-get|publishedresourc,https://graphpermissions.merill.net/permission/OnPremisesPublishingProfiles.ReadWrite.All.html
TrustFrameworkKeySet.ReadWrite.All,False,False,Read and write trust framework key sets,10,,,trustframework-list-keysets|trustframework-list-keysets|trustframework-post-keysets|trustframework-p,https://graphpermissions.merill.net/permission/TrustFrameworkKeySet.ReadWrite.All.html
TrustFrameworkKeySet.Read.All,False,False,Read trust framework key sets,3,,,trustframework-list-keysets|trustframework-list-keysets|trustframeworkkeyset-get|trustframeworkkeyse,https://graphpermissions.merill.net/permission/TrustFrameworkKeySet.Read.All.html
Policy.ReadWrite.TrustFramework,False,False,Read and write your organization's trust framework policies,5,,,trustframework-list-trustframeworkpolicies|trustframework-list-trustframeworkpolicies|trustframework,https://graphpermissions.merill.net/permission/Policy.ReadWrite.TrustFramework.html
Policy.Read.All,False,False,Read your organization's policies,71,,,activitybasedtimeoutpolicy-get|activitybasedtimeoutpolicy-get|activitybasedtimeoutpolicy-list|activi,https://graphpermissions.merill.net/permission/Policy.Read.All.html
IdentityProvider.ReadWrite.All,False,False,Read and write identity providers,12,,,identitycontainer-list-identityproviders|identitycontainer-list-identityproviders|identitycontainer-,https://graphpermissions.merill.net/permission/IdentityProvider.ReadWrite.All.html
IdentityProvider.Read.All,False,False,Read identity providers,6,,,identitycontainer-list-identityproviders|identitycontainer-list-identityproviders|identityprovider-g,https://graphpermissions.merill.net/permission/IdentityProvider.Read.All.html
AdministrativeUnit.ReadWrite.All,False,False,Read and write administrative units,21,,,administrativeunit-delete-members|administrativeunit-delete-members|administrativeunit-delete|admini,https://graphpermissions.merill.net/permission/AdministrativeUnit.ReadWrite.All.html
AdministrativeUnit.Read.All,False,False,Read administrative units,11,,,administrativeunit-get-members|administrativeunit-get-members|administrativeunit-get|administrativeu,https://graphpermissions.merill.net/permission/AdministrativeUnit.Read.All.html
InformationProtectionPolicy.Read.All,False,False,Read all published labels and label policies for an organization.,9,,,informationprotectionlabel-evaluateapplication|informationprotectionlabel-evaluateapplication|inform,https://graphpermissions.merill.net/permission/InformationProtectionPolicy.Read.All.html
Notes.Read.All,False,False,Read all OneNote notebooks that user can access,63,,,notebook-get|notebook-get|notebook-get|notebook-get|notebook-get|notebook-get|notebook-get|notebook-,https://graphpermissions.merill.net/permission/Notes.Read.All.html
User.Invite.All,False,False,Invite guest users to the organization,1,,,invitation-post|invitation-post|invitation-post|invitation-post|,https://graphpermissions.merill.net/permission/User.Invite.All.html
Files.ReadWrite.All,False,False,Have full access to all files user can access,191,,,channel-get-filesfolder|channel-get-filesfolder|drive-get-specialfolder|drive-get-specialfolder|driv,https://graphpermissions.merill.net/permission/Files.ReadWrite.All.html
ThreatIndicators.ReadWrite.OwnedBy,False,False,Manage threat indicators this app creates or owns,9,,,tiindicator-delete|tiindicator-delete|tiindicator-deletetiindicators|tiindicator-deletetiindicators|,https://graphpermissions.merill.net/permission/ThreatIndicators.ReadWrite.OwnedBy.html
SecurityActions.ReadWrite.All,False,False,Read and update your organization's security actions,4,,,securityaction-cancelsecurityaction|securityaction-get|securityactions-list|securityactions-post|,https://graphpermissions.merill.net/permission/SecurityActions.ReadWrite.All.html
SecurityActions.Read.All,False,False,Read your organization's security actions,2,,,securityaction-get|securityactions-list|,https://graphpermissions.merill.net/permission/SecurityActions.Read.All.html
SecurityEvents.ReadWrite.All,False,False,Read and update your organization’s security events,20,,,alert-get|alert-get|alert-list|alert-list|alert-list|alert-list|alert-list|alert-list|alert-list|ale,https://graphpermissions.merill.net/permission/SecurityEvents.ReadWrite.All.html
SecurityEvents.Read.All,False,False,Read your organization’s security events,20,,,alert-get|alert-get|alert-list|alert-list|alert-list|alert-list|alert-list|alert-list|alert-list|ale,https://graphpermissions.merill.net/permission/SecurityEvents.Read.All.html
Chat.ReadWrite.All,False,False,Read and write all chat messages,21,,,chat-get|chat-get|chat-get|chat-list-members|chat-list-members|chat-list-messages|chat-list-messages,https://graphpermissions.merill.net/permission/Chat.ReadWrite.All.html
IdentityRiskEvent.ReadWrite.All,False,False,Read and write risk event information,0,,,,https://graphpermissions.merill.net/permission/IdentityRiskEvent.ReadWrite.All.html
IdentityRiskyUser.ReadWrite.All,False,False,Read and write risky user information,11,,,riskyuser-confirmcompromised|riskyuser-confirmcompromised|riskyuser-dismiss|riskyuser-dismiss|riskyu,https://graphpermissions.merill.net/permission/IdentityRiskyUser.ReadWrite.All.html
Files.Read.All,False,False,Read all files that user can access,106,,,channel-get-filesfolder|channel-get-filesfolder|drive-get-specialfolder|drive-get-specialfolder|driv,https://graphpermissions.merill.net/permission/Files.Read.All.html
IdentityRiskEvent.Read.All,False,False,Read identity risk event information,20,,,riskdetection-get|riskdetection-get|riskdetection-list|riskdetection-list|anonymousipriskevent-get|a,https://graphpermissions.merill.net/permission/IdentityRiskEvent.Read.All.html
EduRoster.ReadBasic.All,False,False,Read a limited subset of the organization's roster,3,,,educationclass-delta|educationclass-delta|educationschool-delta|educationuser-delta|,https://graphpermissions.merill.net/permission/EduRoster.ReadBasic.All.html
EduRoster.Read.All,False,False,Read the organization's roster,30,,,educationclass-delta|educationclass-get|educationclass-list-members|educationclass-list-schools|educ,https://graphpermissions.merill.net/permission/EduRoster.Read.All.html
EduRoster.ReadWrite.All,False,False,Read and write the organization's roster,48,,,educationclass-delete-members|educationclass-delete-teachers|educationclass-delete|educationclass-de,https://graphpermissions.merill.net/permission/EduRoster.ReadWrite.All.html
EduAssignments.ReadBasic.All,False,False,Read class assignments without grades,24,,,educationassignment-get-rubric|educationassignment-get|educationassignment-list-categories|education,https://graphpermissions.merill.net/permission/EduAssignments.ReadBasic.All.html
EduAssignments.ReadWriteBasic.All,False,False,Read and write class assignments without grades,24,,,educationassignment-get-rubric|educationassignment-get|educationassignment-list-categories|education,https://graphpermissions.merill.net/permission/EduAssignments.ReadWriteBasic.All.html
EduAssignments.Read.All,False,False,Read class assignments with grades,24,,,educationassignment-get-rubric|educationassignment-get|educationassignment-list-categories|education,https://graphpermissions.merill.net/permission/EduAssignments.Read.All.html
EduAssignments.ReadWrite.All,False,False,Read and write class assignments with grades,24,,,educationassignment-get-rubric|educationassignment-get|educationassignment-list-categories|education,https://graphpermissions.merill.net/permission/EduAssignments.ReadWrite.All.html
EduAdministration.Read.All,False,False,Read Education app settings,4,,,educationsynchronizationerrors-get|educationsynchronizationprofile-get|educationsynchronizationprofi,https://graphpermissions.merill.net/permission/EduAdministration.Read.All.html
EduAdministration.ReadWrite.All,False,False,Manage education app settings,9,,,educationsynchronizationerrors-get|educationsynchronizationprofile-get|educationsynchronizationprofi,https://graphpermissions.merill.net/permission/EduAdministration.ReadWrite.All.html
IdentityRiskyUser.Read.All,False,False,Read identity risky user information,14,,,riskyuser-get-riskyuserhistoryitem|riskyuser-get-riskyuserhistoryitem|riskyuser-get|riskyuser-get|ri,https://graphpermissions.merill.net/permission/IdentityRiskyUser.Read.All.html
User.ReadWrite.All,False,False,Read and write all users' full profiles,280,,,directory-deleteditems-delete|directory-deleteditems-get|directory-deleteditems-get|directory-delete,https://graphpermissions.merill.net/permission/User.ReadWrite.All.html
User.Read.All,False,False,Read all users' full profiles,165,,,datapolicyoperation-get|datapolicyoperation-get|directory-deleteditems-get|directory-deleteditems-ge,https://graphpermissions.merill.net/permission/User.Read.All.html
AuditLog.Read.All,False,False,Read audit log data,8,,,directoryaudit-get|directoryaudit-get|directoryaudit-list|directoryaudit-list|provisioningobjectsumm,https://graphpermissions.merill.net/permission/AuditLog.Read.All.html
Application.ReadWrite.OwnedBy,False,False,Manage apps that this app creates or owns,86,,,application-addpassword|application-delete-extensionproperty|application-delete-owners|application-d,https://graphpermissions.merill.net/permission/Application.ReadWrite.OwnedBy.html
User.Export.All,False,False,Export user's data,2,,,datapolicyoperation-get|datapolicyoperation-get|user-exportpersonaldata|user-exportpersonaldata|data,https://graphpermissions.merill.net/permission/User.Export.All.html
ProgramControl.ReadWrite.All,False,False,Manage all programs that user can access,9,,,program-create|program-delete|program-list|program-list|program-listcontrols|program-listcontrols|pr,https://graphpermissions.merill.net/permission/ProgramControl.ReadWrite.All.html
ProgramControl.Read.All,False,False,Read all programs that user can access,4,,,program-list|program-list|program-listcontrols|program-listcontrols|programcontrol-list|programcontr,https://graphpermissions.merill.net/permission/ProgramControl.Read.All.html
AccessReview.ReadWrite.All,False,False,Manage all access reviews that user can access,52,,,accessreviewinstance-acceptrecommendations|accessreviewinstance-applydecisions|accessreviewinstance-,https://graphpermissions.merill.net/permission/AccessReview.ReadWrite.All.html
AccessReview.Read.All,False,False,Read all access reviews that user can access,21,,,accessreviewinstance-filterbycurrentuser|accessreviewinstance-filterbycurrentuser|accessreviewinstan,https://graphpermissions.merill.net/permission/AccessReview.Read.All.html
Reports.Read.All,False,False,Read all usage reports,138,,,printusagebyprinter-get|printusagebyprinter-get|printusagebyuser-get|printusagebyuser-get|reportroot,https://graphpermissions.merill.net/permission/Reports.Read.All.html
People.Read.All,False,False,Read all users' relevant people lists,2,,,user-list-people|user-list-people|user-list-people|user-list-people|,https://graphpermissions.merill.net/permission/People.Read.All.html
Chat.UpdatePolicyViolation.All,False,False,Flag chat messages for violating policy,3,,,chatmessage-update|chatmessage-update|chatmessage-update|chatmessage-update|chatmessage-update|chatm,https://graphpermissions.merill.net/permission/Chat.UpdatePolicyViolation.All.html
Chat.Read.All,False,False,Read all chat messages,20,,,chat-get-members|chat-get-members|chat-get|chat-get|chat-get|chat-list-members|chat-list-members|cha,https://graphpermissions.merill.net/permission/Chat.Read.All.html
ChannelMessage.Read.All,False,False,Read user channel messages,10,,,channel-list-messages|channel-list-messages|chatmessage-delta|chatmessage-delta|chatmessage-get|chat,https://graphpermissions.merill.net/permission/ChannelMessage.Read.All.html
ChannelMessage.UpdatePolicyViolation.All,False,False,Flag channel messages for violating policy,3,,,chatmessage-update|chatmessage-update|chatmessage-update|chatmessage-update|chatmessage-update|chatm,https://graphpermissions.merill.net/permission/ChannelMessage.UpdatePolicyViolation.All.html
Application.ReadWrite.All,False,False,Read and write all applications,77,,,application-addpassword|application-addpassword|application-addpassword|application-delete-extension,https://graphpermissions.merill.net/permission/Application.ReadWrite.All.html
MailboxSettings.ReadWrite,False,False,Read and write user mailbox settings,22,,,mailfolder-post-messagerules|mailfolder-post-messagerules|mailfolder-post-messagerules|mailfolder-po,https://graphpermissions.merill.net/permission/MailboxSettings.ReadWrite.html
Domain.ReadWrite.All,False,False,Read and write domains,17,,,domain-delete|domain-delete|domain-forcedelete|domain-forcedelete|domain-get|domain-get|domain-list-,https://graphpermissions.merill.net/permission/Domain.ReadWrite.All.html
MailboxSettings.Read,False,False,Read user mailbox settings,14,,,mailfolder-list-messagerules|mailfolder-list-messagerules|mailfolder-list-messagerules|mailfolder-li,https://graphpermissions.merill.net/permission/MailboxSettings.Read.html
Mail.Read,False,False,"Read user mail ",25,,,eventmessage-get|eventmessage-get|eventmessage-get|eventmessage-get|eventmessage-get|eventmessage-ge,https://graphpermissions.merill.net/permission/Mail.Read.html
Mail.ReadWrite,False,False,"Read and write access to user mail ",69,,,attachment-createuploadsession|attachment-createuploadsession|attachment-createuploadsession|attachm,https://graphpermissions.merill.net/permission/Mail.ReadWrite.html
Mail.Send,False,False,"Send mail as a user ",17,,,message-forward|message-forward|message-forward|message-forward|message-forward|message-forward|mess,https://graphpermissions.merill.net/permission/Mail.Send.html
Contacts.Read,False,False,"Read user contacts ",23,,,contact-delta|contact-delta|contact-delta|contact-delta|contact-delta|contact-delta|contact-get|cont,https://graphpermissions.merill.net/permission/Contacts.Read.html
Contacts.ReadWrite,False,False,"Have full access to user contacts ",55,,,contact-delete|contact-delete|contact-delete|contact-delete|contact-delete|contact-delete|contact-de,https://graphpermissions.merill.net/permission/Contacts.ReadWrite.html
Group.Read.All,False,False,Read all groups,147,,,channel-get-filesfolder|channel-get-filesfolder|channel-get-tabs|channel-get-tabs|channel-get|channe,https://graphpermissions.merill.net/permission/Group.Read.All.html
Group.ReadWrite.All,False,False,Read and write all groups,250,,,channel-delete-tabs|channel-delete-tabs|channel-delete|channel-delete|channel-get-filesfolder|channe,https://graphpermissions.merill.net/permission/Group.ReadWrite.All.html
Directory.Read.All,False,False,Read directory data,215,,,adminconsentrequestpolicy-get|adminconsentrequestpolicy-get|administrativeunit-get-members|administr,https://graphpermissions.merill.net/permission/Directory.Read.All.html
Directory.ReadWrite.All,False,False,Read and write directory data,310,,,adminconsentrequestpolicy-get|adminconsentrequestpolicy-get|adminconsentrequestpolicy-update|adminco,https://graphpermissions.merill.net/permission/Directory.ReadWrite.All.html
Device.ReadWrite.All,False,False,,10,,,device-checkmemberobjects|device-checkmemberobjects|device-delete|device-get|device-get|device-list-,https://graphpermissions.merill.net/permission/Device.ReadWrite.All.html
Calendars.Read,False,False,"Read user calendars ",46,,,calendar-getschedule|calendar-getschedule|calendar-getschedule|calendar-getschedule|calendar-list-ca,https://graphpermissions.merill.net/permission/Calendars.Read.html
Calendars.ReadWrite,False,False,"Have full access to user calendars ",109,,,attachment-createuploadsession|attachment-createuploadsession|attachment-createuploadsession|attachm,https://graphpermissions.merill.net/permission/Calendars.ReadWrite.html
IdentityUserFlow.Read.All,False,False,Read all identity user flows,26,,,b2xidentityuserflow-get|b2xidentityuserflow-get|b2xidentityuserflow-list-languages|b2xidentityuserfl,https://graphpermissions.merill.net/permission/IdentityUserFlow.Read.All.html
IdentityUserFlow.ReadWrite.All,False,False,Read and write all identity user flows,66,,,b2xidentityuserflow-delete-identityproviders|b2xidentityuserflow-delete-identityproviders|b2xidentit,https://graphpermissions.merill.net/permission/IdentityUserFlow.ReadWrite.All.html
OnlineMeetings.ReadWrite.All,False,False,Read and create online meetings,11,,,application-post-onlinemeetings|application-post-onlinemeetings|onlinemeeting-createorget|onlinemeet,https://graphpermissions.merill.net/permission/OnlineMeetings.ReadWrite.All.html
OnlineMeetings.Read.All,False,False,Read online meeting details,2,,,onlinemeeting-get|onlinemeeting-get|onlinemeeting-get|onlinemeeting-get|,https://graphpermissions.merill.net/permission/OnlineMeetings.Read.All.html
Calls.AccessMedia.All,False,False,Access media streams in a call as an app,9,,,call-changescreensharingrole|call-logteleconferencedevicequality|call-record|call-subscribetotone|ca,https://graphpermissions.merill.net/permission/Calls.AccessMedia.All.html
Calls.JoinGroupCallAsGuest.All,False,False,Join group calls and meetings as a guest,0,,,,https://graphpermissions.merill.net/permission/Calls.JoinGroupCallAsGuest.All.html
Calls.JoinGroupCall.All,False,False,Join group calls and meetings as an app,0,,,,https://graphpermissions.merill.net/permission/Calls.JoinGroupCall.All.html
Calls.InitiateGroupCall.All,False,False,Initiate outgoing group calls from the app,0,,,,https://graphpermissions.merill.net/permission/Calls.InitiateGroupCall.All.html
Calls.Initiate.All,False,False,Initiate outgoing 1 to 1 calls from the app,6,,,application-post-calls|call-redirect|call-transfer|application-post-calls|application-post-calls|cal,https://graphpermissions.merill.net/permission/Calls.Initiate.All.html
OrgContact.Read.All,False,False,Read organizational contacts,11,,,orgcontact-checkmembergroups|orgcontact-checkmembergroups|orgcontact-delta|orgcontact-delta|orgconta,https://graphpermissions.merill.net/permission/OrgContact.Read.All.html
DeviceManagementApps.ReadWrite.All,False,False,Read and write Microsoft Intune apps,480,,,intune-apps-androidlobapp-create|intune-apps-androidlobapp-create|intune-apps-androidlobapp-delete|i,https://graphpermissions.merill.net/permission/DeviceManagementApps.ReadWrite.All.html
DeviceManagementConfiguration.ReadWrite.All,False,False,Read and write Microsoft Intune Device Configuration and Policies,1307,,,intune-androidforwork-devicemanagement-get|intune-androidforwork-devicemanagement-get|intune-android,https://graphpermissions.merill.net/permission/DeviceManagementConfiguration.ReadWrite.All.html
DeviceManagementManagedDevices.PrivilegedOperations.All,False,False,Perform user-impacting remote actions on Microsoft Intune devices,0,,,,https://graphpermissions.merill.net/permission/DeviceManagementManagedDevices.PrivilegedOperations.All.html
DeviceManagementManagedDevices.ReadWrite.All,False,False,Read and write Microsoft Intune devices,567,,,intune-devices-detectedapp-create|intune-devices-detectedapp-create|intune-devices-detectedapp-delet,https://graphpermissions.merill.net/permission/DeviceManagementManagedDevices.ReadWrite.All.html
DeviceManagementRBAC.ReadWrite.All,False,False,Read and write Microsoft Intune RBAC settings,67,,,intune-rbac-deviceandappmanagementroleassignment-create|intune-rbac-deviceandappmanagementroleassign,https://graphpermissions.merill.net/permission/DeviceManagementRBAC.ReadWrite.All.html
DeviceManagementServiceConfig.ReadWrite.All,False,False,Read and write Microsoft Intune configuration,420,,,intune-companyterms-devicemanagement-get|intune-companyterms-devicemanagement-get|intune-companyterm,https://graphpermissions.merill.net/permission/DeviceManagementServiceConfig.ReadWrite.All.html
AppRoleAssignment.ReadWrite.All,False,False,Manage app permission grants and app role assignments,10,,,group-delete-approleassignments|group-delete-approleassignments|group-list-approleassignments|group-,https://graphpermissions.merill.net/permission/AppRoleAssignment.ReadWrite.All.html
DelegatedPermissionGrant.ReadWrite.All,False,False,Manage all delegated permission grants,9,,,oauth2permissiongrant-delete|oauth2permissiongrant-get|oauth2permissiongrant-list|oauth2permissiongr,https://graphpermissions.merill.net/permission/DelegatedPermissionGrant.ReadWrite.All.html
TeamsActivity.Read.All,False,False,Read all users' teamwork activity feed,0,,,,https://graphpermissions.merill.net/permission/TeamsActivity.Read.All.html
PrivilegedAccess.Read.AzureAD,False,False,Read privileged access to Azure AD,21,,,governanceresource-get|governanceresource-list|governanceroleassignment-export|governanceroleassignm,https://graphpermissions.merill.net/permission/PrivilegedAccess.Read.AzureAD.html
PrivilegedAccess.Read.AzureADGroup,False,False,Read privileged access to Azure AD groups,17,,,governanceresource-get|governanceresource-list|governanceroleassignment-export|governanceroleassignm,https://graphpermissions.merill.net/permission/PrivilegedAccess.Read.AzureADGroup.html
PrivilegedAccess.Read.AzureResources,False,False,Read privileged access to Azure resources,17,,,governanceresource-get|governanceresource-list|governanceroleassignment-export|governanceroleassignm,https://graphpermissions.merill.net/permission/PrivilegedAccess.Read.AzureResources.html
PrivilegedAccess.ReadWrite.AzureAD,False,False,Read and write privileged access to Azure AD,34,,,governanceresource-get|governanceresource-list|governanceresource-register|governanceroleassignment-,https://graphpermissions.merill.net/permission/PrivilegedAccess.ReadWrite.AzureAD.html
PrivilegedAccess.ReadWrite.AzureADGroup,False,False,Read and write privileged access to Azure AD groups,22,,,governanceresource-get|governanceresource-list|governanceresource-register|governanceroleassignment-,https://graphpermissions.merill.net/permission/PrivilegedAccess.ReadWrite.AzureADGroup.html
PrivilegedAccess.ReadWrite.AzureResources,False,False,Read and write privileged access to Azure resources,22,,,governanceresource-get|governanceresource-list|governanceresource-register|governanceroleassignment-,https://graphpermissions.merill.net/permission/PrivilegedAccess.ReadWrite.AzureResources.html
ThreatIndicators.Read.All,False,False,Read all threat indicators,0,,,,https://graphpermissions.merill.net/permission/ThreatIndicators.Read.All.html
ApprovalRequest.Read.PriviligedAccess,False,False,Read privileged access approval requests,0,,,,https://graphpermissions.merill.net/permission/ApprovalRequest.Read.PriviligedAccess.html
ApprovalRequest.Read.EntitlementManagement,False,False,Read entitlement management approval requests,0,,,,https://graphpermissions.merill.net/permission/ApprovalRequest.Read.EntitlementManagement.html
ApprovalRequest.Read.AdminConsentRequest,False,False,Read admin consent approval requests,0,,,,https://graphpermissions.merill.net/permission/ApprovalRequest.Read.AdminConsentRequest.html
ApprovalRequest.Read.CustomerLockbox,False,False,Read customer lockbox approval requests,0,,,,https://graphpermissions.merill.net/permission/ApprovalRequest.Read.CustomerLockbox.html
ApprovalRequest.ReadWrite.PriviligedAccess,False,False,Read and write privileged access approval requests,0,,,,https://graphpermissions.merill.net/permission/ApprovalRequest.ReadWrite.PriviligedAccess.html
ApprovalRequest.ReadWrite.EntitlementManagement,False,False,Read and write entitlement management approval requests,0,,,,https://graphpermissions.merill.net/permission/ApprovalRequest.ReadWrite.EntitlementManagement.html
ApprovalRequest.ReadWrite.AdminConsentRequest,False,False,Read and write admin consent approval requests,0,,,,https://graphpermissions.merill.net/permission/ApprovalRequest.ReadWrite.AdminConsentRequest.html
ApprovalRequest.ReadWrite.CustomerLockbox,False,False,Read and write customer lockbox approval requests,0,,,,https://graphpermissions.merill.net/permission/ApprovalRequest.ReadWrite.CustomerLockbox.html
TeamsApp.Read.All,False,False,Read all installed Teams apps,0,,,,https://graphpermissions.merill.net/permission/TeamsApp.Read.All.html
TeamsApp.ReadWrite.All,False,False,Manage all Teams apps,0,,,,https://graphpermissions.merill.net/permission/TeamsApp.ReadWrite.All.html
UserNotification.ReadWrite.CreatedByApp,False,False,Deliver and manage user's notifications,0,,,,https://graphpermissions.merill.net/permission/UserNotification.ReadWrite.CreatedByApp.html
Application.Read.All,False,False,Read applications,39,,,application-get|application-get|application-get|application-list-extensionproperty|application-list-,https://graphpermissions.merill.net/permission/Application.Read.All.html
BitlockerKey.Read.All,False,False,Read BitLocker keys,0,,,,https://graphpermissions.merill.net/permission/BitlockerKey.Read.All.html
BitlockerKey.ReadBasic.All,False,False,Read BitLocker keys basic information,0,,,,https://graphpermissions.merill.net/permission/BitlockerKey.ReadBasic.All.html
GroupMember.Read.All,False,False,Read group memberships,17,,,directoryobject-getmembergroups|directoryobject-getmembergroups|directoryobject-getmembergroups|dire,https://graphpermissions.merill.net/permission/GroupMember.Read.All.html
GroupMember.ReadWrite.All,False,False,Read and write group memberships,6,,,group-delete-members|group-delete-members|group-list-members|group-list-members|group-list-owners|gr,https://graphpermissions.merill.net/permission/GroupMember.ReadWrite.All.html
Group.Create,False,False,Create groups,1,,,group-post-groups|group-post-groups|,https://graphpermissions.merill.net/permission/Group.Create.html
ThreatAssessment.Read.All,False,False,Read threat assessment requests,2,,,informationprotection-list-threatassessmentrequests|threatassessmentrequest-get|informationprotectio,https://graphpermissions.merill.net/permission/ThreatAssessment.Read.All.html
Schedule.Read.All,False,False,Read user schedule items,20,,,offershiftrequest-get|offershiftrequest-get|openshift-get|openshift-get|openshift-list|openshift-lis,https://graphpermissions.merill.net/permission/Schedule.Read.All.html
Schedule.ReadWrite.All,False,False,Read and write user schedule items,58,,,offershiftrequest-approve|offershiftrequest-approve|offershiftrequest-decline|offershiftrequest-decl,https://graphpermissions.merill.net/permission/Schedule.ReadWrite.All.html
CallRecords.Read.All,False,False,Read all call records,4,,,callrecords-callrecord-get|callrecords-callrecord-getdirectroutingcalls|callrecords-callrecord-getps,https://graphpermissions.merill.net/permission/CallRecords.Read.All.html
Policy.ReadWrite.ConditionalAccess,False,False,Read and write your organization's conditional access policies,13,,,conditionalaccesspolicy-delete|conditionalaccesspolicy-delete|conditionalaccesspolicy-update|conditi,https://graphpermissions.merill.net/permission/Policy.ReadWrite.ConditionalAccess.html
UserAuthenticationMethod.ReadWrite.All,False,False,Read and write all users' authentication methods.,63,,,authentication-list-methods|authentication-list-methods|authentication-list-methods|authentication-l,https://graphpermissions.merill.net/permission/UserAuthenticationMethod.ReadWrite.All.html
UserAuthenticationMethod.Read.All,False,False,Read all users' authentication methods,41,,,authentication-list-methods|authentication-list-methods|authentication-list-methods|authentication-l,https://graphpermissions.merill.net/permission/UserAuthenticationMethod.Read.All.html
TeamsTab.Create,False,False,Create tabs in Microsoft Teams.,3,,,channel-post-tabs|channel-post-tabs|chat-post-tabs|chat-post-tabs|channel-post-tabs|channel-post-tab,https://graphpermissions.merill.net/permission/TeamsTab.Create.html
TeamsTab.Read.All,False,False,Read tabs in Microsoft Teams.,5,,,channel-get-tabs|channel-get-tabs|channel-list-tabs|channel-list-tabs|chat-get-tabs|chat-get-tabs|ch,https://graphpermissions.merill.net/permission/TeamsTab.Read.All.html
TeamsTab.ReadWrite.All,False,False,Read and write tabs in Microsoft Teams.,12,,,channel-delete-tabs|channel-delete-tabs|channel-get-tabs|channel-get-tabs|channel-list-tabs|channel-,https://graphpermissions.merill.net/permission/TeamsTab.ReadWrite.All.html
Domain.Read.All,False,False,Read domains.,9,,,domain-get|domain-get|domain-list-domainnamereferences|domain-list-domainnamereferences|domain-list-,https://graphpermissions.merill.net/permission/Domain.Read.All.html
Policy.ReadWrite.ApplicationConfiguration,False,False,Read and write your organization's application configuration policies,60,,,activitybasedtimeoutpolicy-delete|activitybasedtimeoutpolicy-delete|activitybasedtimeoutpolicy-get|a,https://graphpermissions.merill.net/permission/Policy.ReadWrite.ApplicationConfiguration.html
Device.Read.All,False,False,Read all devices,10,,,device-checkmemberobjects|device-checkmemberobjects|device-get|device-get|device-list-memberof|devic,https://graphpermissions.merill.net/permission/Device.Read.All.html
User.ManageIdentities.All,False,False,Manage  user identities,1,,,user-update|user-update|user-update|user-update|,https://graphpermissions.merill.net/permission/User.ManageIdentities.All.html
UserShiftPreferences.Read.All,False,False,Read all user shift preferences,1,,,shiftpreferences-get|,https://graphpermissions.merill.net/permission/UserShiftPreferences.Read.All.html
UserShiftPreferences.ReadWrite.All,False,False,Read and write all user shift preferences,2,,,shiftpreferences-get|shiftpreferences-put|,https://graphpermissions.merill.net/permission/UserShiftPreferences.ReadWrite.All.html
Notes.ReadWrite.All,False,False,Read and write all OneNote notebooks that user can access,115,,,notebook-copynotebook|notebook-copynotebook|notebook-copynotebook|notebook-copynotebook|notebook-cop,https://graphpermissions.merill.net/permission/Notes.ReadWrite.All.html
Sites.FullControl.All,False,False,Have full control of all site collections,44,,,columndefinition-delete|columndefinition-delete|columndefinition-delete|columndefinition-delete|colu,https://graphpermissions.merill.net/permission/Sites.FullControl.All.html
Sites.Manage.All,False,False,"Create, edit, and delete items and lists in all site collections",42,,,columndefinition-delete|columndefinition-delete|columndefinition-delete|columndefinition-delete|colu,https://graphpermissions.merill.net/permission/Sites.Manage.All.html
EntitlementManagement.Read.All,False,False,Read all entitlement management resources,37,,,accesspackage-filterbycurrentuser|accesspackage-get|accesspackage-get|accesspackage-getapplicablepol,https://graphpermissions.merill.net/permission/EntitlementManagement.Read.All.html
EntitlementManagement.ReadWrite.All,False,False,Read and write entitlement management resources,68,,,accesspackage-delete-incompatibleaccesspackage|accesspackage-delete-incompatibleaccesspackage|access,https://graphpermissions.merill.net/permission/EntitlementManagement.ReadWrite.All.html
Channel.Create,False,False,Create channels,1,,,channel-post|channel-post|channel-post|channel-post|,https://graphpermissions.merill.net/permission/Channel.Create.html
Channel.Delete.All,False,False,Delete channels,1,,,channel-delete|channel-delete|channel-delete|channel-delete|,https://graphpermissions.merill.net/permission/Channel.Delete.All.html
ChannelSettings.Read.All,False,False,"Read the names, descriptions, and settings of channels",3,,,channel-get|channel-get|channel-list|channel-list|team-get-primarychannel|team-get-primarychannel|ch,https://graphpermissions.merill.net/permission/ChannelSettings.Read.All.html
ChannelSettings.ReadWrite.All,False,False,"Read and write the names, descriptions, and settings of channels",6,,,channel-get|channel-get|channel-list|channel-list|channel-patch|channel-patch|channel-provisionemail,https://graphpermissions.merill.net/permission/ChannelSettings.ReadWrite.All.html
Team.ReadBasic.All,False,False,Read the names and descriptions of teams,5,,,team-get|team-get|user-list-joinedteams|user-list-joinedteams|user-list-joinedteams|user-list-joined,https://graphpermissions.merill.net/permission/Team.ReadBasic.All.html
Channel.ReadBasic.All,False,False,Read the names and descriptions of channels,3,,,channel-get|channel-get|channel-list|channel-list|team-get-primarychannel|team-get-primarychannel|ch,https://graphpermissions.merill.net/permission/Channel.ReadBasic.All.html
TeamSettings.ReadWrite.All,False,False,Read and change teams' settings,8,,,team-archive|team-archive|team-get|team-get|team-unarchive|team-unarchive|team-update|team-update|us,https://graphpermissions.merill.net/permission/TeamSettings.ReadWrite.All.html
TeamSettings.Read.All,False,False,Read teams' settings,5,,,team-get|team-get|user-list-joinedteams|user-list-joinedteams|user-list-joinedteams|user-list-joined,https://graphpermissions.merill.net/permission/TeamSettings.Read.All.html
TeamMember.Read.All,False,False,Read the members of teams,2,,,team-get-members|team-get-members|team-list-members|team-list-members|team-get-members|team-get-memb,https://graphpermissions.merill.net/permission/TeamMember.Read.All.html
TeamMember.ReadWrite.All,False,False,Add and remove members from teams,7,,,conversationmember-update|conversationmember-update|conversationmembers-add|conversationmembers-add|,https://graphpermissions.merill.net/permission/TeamMember.ReadWrite.All.html
ChannelMember.Read.All,False,False,Read the members of channels,4,,,channel-get-members|channel-get-members|channel-list-members|channel-list-members|conversationmember,https://graphpermissions.merill.net/permission/ChannelMember.Read.All.html
ChannelMember.ReadWrite.All,False,False,Add and remove members from channels,11,,,channel-delete-members|channel-delete-members|channel-get-members|channel-get-members|channel-list-m,https://graphpermissions.merill.net/permission/ChannelMember.ReadWrite.All.html
Policy.ReadWrite.AuthenticationFlows,False,False,Read and write authentication flow policies,3,,,authenticationflowspolicy-get|authenticationflowspolicy-get|authenticationflowspolicy-update|authent,https://graphpermissions.merill.net/permission/Policy.ReadWrite.AuthenticationFlows.html
Policy.ReadWrite.AuthenticationMethod,False,False,Read and write authentication method policies,22,,,authenticationmethodspolicy-get|authenticationmethodspolicy-get|authenticationmethodspolicy-update|a,https://graphpermissions.merill.net/permission/Policy.ReadWrite.AuthenticationMethod.html
Policy.ReadWrite.Authorization,False,False,Read and write your organization's authorization policy,4,,,authorizationpolicy-get|authorizationpolicy-get|authorizationpolicy-update|authorizationpolicy-updat,https://graphpermissions.merill.net/permission/Policy.ReadWrite.Authorization.html
Chat.ReadBasic.All,False,False,Read names and members of all chat threads,10,,,chat-get-members|chat-get-members|chat-get|chat-get|chat-get|chat-list-members|chat-list-members|cha,https://graphpermissions.merill.net/permission/Chat.ReadBasic.All.html
Policy.Read.PermissionGrant,False,False,Read consent and permission grant policies,4,,,permissiongrantpolicy-get|permissiongrantpolicy-get|permissiongrantpolicy-list-excludes|permissiongr,https://graphpermissions.merill.net/permission/Policy.Read.PermissionGrant.html
Policy.ReadWrite.PermissionGrant,False,False,Manage consent and permission grant policies,6,,,permissiongrantpolicy-delete|permissiongrantpolicy-delete|permissiongrantpolicy-get|permissiongrantp,https://graphpermissions.merill.net/permission/Policy.ReadWrite.PermissionGrant.html
Printer.Read.All,False,False,Read printers,8,,,print-list-printers|printer-get|printer-get|printer-get|printer-get|printer-list-tasktriggers|printt,https://graphpermissions.merill.net/permission/Printer.Read.All.html
Printer.ReadWrite.All,False,False,Read and update printers,19,,,print-list-printers|printer-create|printer-delete-tasktrigger|printer-get|printer-get|printer-get|pr,https://graphpermissions.merill.net/permission/Printer.ReadWrite.All.html
PrintJob.Manage.All,False,False,Perform advanced operations on print jobs,6,,,printjob-abort|printjob-redirect|printjob-update|printjob-abort|printjob-redirect|printjob-update|,https://graphpermissions.merill.net/permission/PrintJob.Manage.All.html
PrintJob.Read.All,False,False,Read print jobs,7,,,printdocument-get-file|printdocument-get-file|printer-list-jobs|printer-list-jobs|printershare-list-,https://graphpermissions.merill.net/permission/PrintJob.Read.All.html
PrintJob.ReadBasic.All,False,False,Read basic information of print jobs,5,,,printer-list-jobs|printer-list-jobs|printershare-list-jobs|printershare-list-jobs|printjob-get|print,https://graphpermissions.merill.net/permission/PrintJob.ReadBasic.All.html
PrintJob.ReadWrite.All,False,False,Read and write print jobs,21,,,printdocument-createuploadsession|printdocument-createuploadsession|printdocument-get-file|printdocu,https://graphpermissions.merill.net/permission/PrintJob.ReadWrite.All.html
PrintJob.ReadWriteBasic.All,False,False,Read and write basic information of print jobs,17,,,printer-list-jobs|printer-list-jobs|printer-post-jobs|printershare-list-jobs|printershare-list-jobs|,https://graphpermissions.merill.net/permission/PrintJob.ReadWriteBasic.All.html
PrintTaskDefinition.ReadWrite.All,False,False,"Read, write and update print task definitions",14,,,print-delete-taskdefinition|print-list-taskdefinitions|print-post-taskdefinitions|print-update-taskd,https://graphpermissions.merill.net/permission/PrintTaskDefinition.ReadWrite.All.html
Teamwork.Migrate.All,False,False,Create chat and channel messages with anyone's identity and with any timestamp,6,,,channel-completemigration|channel-post-messagereply|channel-post-messages|channel-post|chatmessage-p,https://graphpermissions.merill.net/permission/Teamwork.Migrate.All.html
TeamsAppInstallation.ReadForChat.All,False,False,Read installed Teams apps for all chats,3,,,chat-get-installedapps|chat-list-installedapps|chat-get-installedapps|chat-list-installedapps|chat-l,https://graphpermissions.merill.net/permission/TeamsAppInstallation.ReadForChat.All.html
TeamsAppInstallation.ReadForTeam.All,False,False,Read installed Teams apps for all teams,3,,,team-get-installedapps|team-list-installedapps|team-get-installedapps|team-list-installedapps|team-l,https://graphpermissions.merill.net/permission/TeamsAppInstallation.ReadForTeam.All.html
TeamsAppInstallation.ReadForUser.All,False,False,Read installed Teams apps for all users,3,,,userscopeteamsappinstallation-get-chat|userteamwork-get-installedapps|userteamwork-list-installedapp,https://graphpermissions.merill.net/permission/TeamsAppInstallation.ReadForUser.All.html
TeamsAppInstallation.ReadWriteForChat.All,False,False,Manage Teams apps for all chats,6,,,chat-delete-installedapps|chat-get-installedapps|chat-list-installedapps|chat-post-installedapps|cha,https://graphpermissions.merill.net/permission/TeamsAppInstallation.ReadWriteForChat.All.html
TeamsAppInstallation.ReadWriteForTeam.All,False,False,Manage Teams apps for all teams,6,,,team-delete-installedapps|team-get-installedapps|team-list-installedapps|team-post-installedapps|tea,https://graphpermissions.merill.net/permission/TeamsAppInstallation.ReadWriteForTeam.All.html
TeamsAppInstallation.ReadWriteForUser.All,False,False,Manage Teams apps for all users,6,,,userscopeteamsappinstallation-get-chat|userteamwork-delete-installedapps|userteamwork-get-installeda,https://graphpermissions.merill.net/permission/TeamsAppInstallation.ReadWriteForUser.All.html
TeamsAppInstallation.ReadWriteSelfForChat.All,False,False,Allow the Teams app to manage itself for all chats,6,,,chat-delete-installedapps|chat-get-installedapps|chat-list-installedapps|chat-post-installedapps|cha,https://graphpermissions.merill.net/permission/TeamsAppInstallation.ReadWriteSelfForChat.All.html
TeamsAppInstallation.ReadWriteSelfForTeam.All,False,False,Allow the Teams app to manage itself for all teams,1,,,team-list-permissiongrants|,https://graphpermissions.merill.net/permission/TeamsAppInstallation.ReadWriteSelfForTeam.All.html
TeamsAppInstallation.ReadWriteSelfForUser.All,False,False,Allow the app to manage itself for all users,6,,,userscopeteamsappinstallation-get-chat|userteamwork-delete-installedapps|userteamwork-get-installeda,https://graphpermissions.merill.net/permission/TeamsAppInstallation.ReadWriteSelfForUser.All.html
Team.Create,False,False,Create teams,1,,,team-post|team-post|team-post|team-post|,https://graphpermissions.merill.net/permission/Team.Create.html
TeamMember.ReadWriteNonOwnerRole.All,False,False,Add and remove members with non-owner role for all teams,0,,,,https://graphpermissions.merill.net/permission/TeamMember.ReadWriteNonOwnerRole.All.html
TermStore.Read.All,False,False,Read term store data,27,,,termstore-group-get|termstore-group-list-sets|termstore-list-groups|termstore-set-get|termstore-stor,https://graphpermissions.merill.net/permission/TermStore.Read.All.html
TermStore.ReadWrite.All,False,False,Read and write term store data,49,,,termstore-group-delete|termstore-group-get|termstore-group-list-sets|termstore-group-post|termstore-,https://graphpermissions.merill.net/permission/TermStore.ReadWrite.All.html
ServiceHealth.Read.All,False,False,Read service health,5,,,serviceannouncement-list-healthoverviews|serviceannouncement-list-healthoverviews|serviceannouncemen,https://graphpermissions.merill.net/permission/ServiceHealth.Read.All.html
ServiceMessage.Read.All,False,False,Read service announcement messages,2,,,serviceannouncement-list-messages|serviceannouncement-list-messages|serviceupdatemessage-get|service,https://graphpermissions.merill.net/permission/ServiceMessage.Read.All.html
ShortNotes.Read.All,False,False,Read all users' short notes,0,,,,https://graphpermissions.merill.net/permission/ShortNotes.Read.All.html
ShortNotes.ReadWrite.All,False,False,"Read, create, edit, and delete all users' short notes",0,,,,https://graphpermissions.merill.net/permission/ShortNotes.ReadWrite.All.html
Policy.Read.ConditionalAccess,False,False,Read your organization's conditional access policies,2,,,authenticationcontextclassreference-get|authenticationcontextclassreference-get|conditionalaccessroo,https://graphpermissions.merill.net/permission/Policy.Read.ConditionalAccess.html
RoleManagement.Read.All,False,False,Read role management data for all RBAC providers,26,,,unifiedroleassignmentschedule-filterbycurrentuser|unifiedroleassignmentschedule-filterbycurrentuser|,https://graphpermissions.merill.net/permission/RoleManagement.Read.All.html
CallRecord-PstnCalls.Read.All,False,False,Read PSTN and direct routing call log data,2,,,callrecords-callrecord-getdirectroutingcalls|callrecords-callrecord-getpstncalls|callrecords-callrec,https://graphpermissions.merill.net/permission/CallRecord-PstnCalls.Read.All.html
ChatMessage.Read.All,False,False,Read all chat messages,0,,,,https://graphpermissions.merill.net/permission/ChatMessage.Read.All.html
TeamsTab.ReadWriteForChat.All,False,False,Allow the Teams app to manage all tabs for all chats,3,,,chat-get-tabs|chat-list-tabs|chat-post-tabs|chat-get-tabs|chat-list-tabs|chat-post-tabs|,https://graphpermissions.merill.net/permission/TeamsTab.ReadWriteForChat.All.html
TeamsTab.ReadWriteForTeam.All,False,False,Allow the Teams app to manage all tabs for all teams,7,,,channel-delete-tabs|channel-get-tabs|channel-list-tabs|channel-patch-tabs|channel-post-tabs|channel-,https://graphpermissions.merill.net/permission/TeamsTab.ReadWriteForTeam.All.html
TeamsTab.ReadWriteForUser.All,False,False,Allow the app to manage all tabs for all users,0,,,,https://graphpermissions.merill.net/permission/TeamsTab.ReadWriteForUser.All.html
APIConnectors.Read.All,False,False,Read API connectors for authentication flows,0,,,,https://graphpermissions.merill.net/permission/APIConnectors.Read.All.html
APIConnectors.ReadWrite.All,False,False,Read and write API connectors for authentication flows,6,,,identityapiconnector-create|identityapiconnector-create|identityapiconnector-delete|identityapiconne,https://graphpermissions.merill.net/permission/APIConnectors.ReadWrite.All.html
ChatMember.Read.All,False,False,Read the members of all chats,5,,,chat-get-members|chat-get-members|chat-list-members|chat-list-members|chat-get-members|chat-get-memb,https://graphpermissions.merill.net/permission/ChatMember.Read.All.html
ChatMember.ReadWrite.All,False,False,Add and remove members from all chats,7,,,chat-delete-members|chat-get-members|chat-get-members|chat-list-members|chat-list-members|chat-post-,https://graphpermissions.merill.net/permission/ChatMember.ReadWrite.All.html
Chat.Create,False,False,Create chats,1,,,chat-post|chat-post|,https://graphpermissions.merill.net/permission/Chat.Create.html
PrintSettings.Read.All,False,False,Read tenant-wide print settings,1,,,print-get-settings|print-get-settings|,https://graphpermissions.merill.net/permission/PrintSettings.Read.All.html
RoleAssignmentSchedule.ReadWrite.Directory,False,False,"Read, update, and delete all active role assignments for your company's directory",11,,,unifiedroleassignmentschedule-filterbycurrentuser|unifiedroleassignmentschedule-get|unifiedroleassig,https://graphpermissions.merill.net/permission/RoleAssignmentSchedule.ReadWrite.Directory.html
RoleEligibilitySchedule.ReadWrite.Directory,False,False,"Read, update, and delete  all eligible role assignments for your company's directory",11,,,unifiedroleeligibilityschedule-filterbycurrentuser|unifiedroleeligibilityschedule-get|unifiedroleeli,https://graphpermissions.merill.net/permission/RoleEligibilitySchedule.ReadWrite.Directory.html
RoleManagementPolicy.ReadWrite.Directory,False,False,"Read, update, and delete all policies for privileged role assignments of your company's directory",10,,,unifiedrolemanagementpolicy-get|unifiedrolemanagementpolicy-list-effectiverules|unifiedrolemanagemen,https://graphpermissions.merill.net/permission/RoleManagementPolicy.ReadWrite.Directory.html
RoleAssignmentSchedule.Read.Directory,False,False,Read all active role assignments for your company's directory,9,,,unifiedroleassignmentschedule-filterbycurrentuser|unifiedroleassignmentschedule-get|unifiedroleassig,https://graphpermissions.merill.net/permission/RoleAssignmentSchedule.Read.Directory.html
RoleEligibilitySchedule.Read.Directory,False,False,Read all eligible role assignments for your company's directory,9,,,unifiedroleeligibilityschedule-filterbycurrentuser|unifiedroleeligibilityschedule-get|unifiedroleeli,https://graphpermissions.merill.net/permission/RoleEligibilitySchedule.Read.Directory.html
RoleManagementPolicy.Read.Directory,False,False,Read all policies for privileged role assignments of your company's directory,8,,,unifiedrolemanagementpolicy-get|unifiedrolemanagementpolicy-list-effectiverules|unifiedrolemanagemen,https://graphpermissions.merill.net/permission/RoleManagementPolicy.Read.Directory.html
Policy.ReadWrite.MobilityManagement,False,False,Read and write your organization's mobility management policies,14,,,mobileappmanagementpolicies-delete-includedgroups|mobileappmanagementpolicies-delete|mobileappmanage,https://graphpermissions.merill.net/permission/Policy.ReadWrite.MobilityManagement.html
UnifiedGroupMember.Read.AsGuest,False,False,Read unified group memberships as guest,0,,,,https://graphpermissions.merill.net/permission/UnifiedGroupMember.Read.AsGuest.html
eDiscovery.ReadWrite.All,False,False,Read and write all eDiscovery objects,76,,,ediscovery-case-close|ediscovery-case-delete|ediscovery-case-get|ediscovery-case-list-custodians|edi,https://graphpermissions.merill.net/permission/eDiscovery.ReadWrite.All.html
eDiscovery.Read.All,False,False,Read all eDiscovery objects,73,,,ediscovery-case-close|ediscovery-case-delete|ediscovery-case-get|ediscovery-case-list-custodians|edi,https://graphpermissions.merill.net/permission/eDiscovery.Read.All.html
CustomSecAttributeAssignment.ReadWrite.All,False,False,Read and write custom security attribute assignments,0,,,,https://graphpermissions.merill.net/permission/CustomSecAttributeAssignment.ReadWrite.All.html
CustomSecAttributeDefinition.ReadWrite.All,False,False,Read and write custom security attribute definitions,0,,,,https://graphpermissions.merill.net/permission/CustomSecAttributeDefinition.ReadWrite.All.html
WorkforceIntegration.Read.All,False,False,Read workforce integrations,2,,,workforceintegration-get|workforceintegration-list|workforceintegration-get|workforceintegration-lis,https://graphpermissions.merill.net/permission/WorkforceIntegration.Read.All.html
InformationProtectionPolicy.Read,False,False,Read user sensitivity labels and label policies.,9,,,informationprotectionlabel-evaluateapplication|informationprotectionlabel-evaluateapplication|inform,https://graphpermissions.merill.net/permission/InformationProtectionPolicy.Read.html
Family.Read,False,False,Read your family info,0,,,,https://graphpermissions.merill.net/permission/Family.Read.html
Chat.Read,False,False,Read user chat messages,25,,,chat-get-members|chat-get-members|chat-get|chat-get|chat-get|chat-list-members|chat-list-members|cha,https://graphpermissions.merill.net/permission/Chat.Read.html
Chat.ReadWrite,False,False,Read and write user chat messages,30,,,chat-get-members|chat-get-members|chat-get|chat-get|chat-get|chat-list-members|chat-list-members|cha,https://graphpermissions.merill.net/permission/Chat.ReadWrite.html
Analytics.Read,False,False,Read user activity statistics,2,,,activitystatistics-list|activitystatistics-list|,https://graphpermissions.merill.net/permission/Analytics.Read.html
offline_access,False,False,Maintain access to data you have given it access to,0,,,,https://graphpermissions.merill.net/permission/offline_access.html
EWS.AccessAsUser.All,False,False,Access mailboxes as the signed-in user via Exchange Web Services,0,,,,https://graphpermissions.merill.net/permission/EWS.AccessAsUser.All.html
Notifications.ReadWrite.CreatedByApp,False,False,Deliver and manage user notifications for this app,1,,,notifications-post|notifications-post|user-post-notifications|user-post-notifications|,https://graphpermissions.merill.net/permission/Notifications.ReadWrite.CreatedByApp.html
AgreementAcceptance.Read,False,False,Read user terms of use acceptance statuses,2,,,user-list-agreementacceptances|user-list-agreementacceptances|user-list-agreementacceptances|,https://graphpermissions.merill.net/permission/AgreementAcceptance.Read.html
UserActivity.ReadWrite.CreatedByApp,False,False,Read and write app activity to users' activity feed,6,,,projectrome-delete-activity|projectrome-delete-activity|projectrome-delete-historyitem|projectrome-d,https://graphpermissions.merill.net/permission/UserActivity.ReadWrite.CreatedByApp.html
EduAdministration.ReadWrite,False,False,Manage education app settings,12,,,educationsynchronizationerrors-get|educationsynchronizationprofile-delete|educationsynchronizationpr,https://graphpermissions.merill.net/permission/EduAdministration.ReadWrite.html
EduAdministration.Read,False,False,Read education app settings,4,,,educationsynchronizationerrors-get|educationsynchronizationprofile-get|educationsynchronizationprofi,https://graphpermissions.merill.net/permission/EduAdministration.Read.html
EduAssignments.ReadWrite,False,False,Read and write users' class assignments and their grades,67,,,educationassignment-delete-rubric|educationassignment-delete|educationassignment-get-rubric|educatio,https://graphpermissions.merill.net/permission/EduAssignments.ReadWrite.html
EduAssignments.Read,False,False,Read users' class assignments and their grades,28,,,educationassignment-get-rubric|educationassignment-get|educationassignment-list-categories|education,https://graphpermissions.merill.net/permission/EduAssignments.Read.html
EduAssignments.ReadWriteBasic,False,False,Read and write users' class assignments without grades,67,,,educationassignment-delete-rubric|educationassignment-delete|educationassignment-get-rubric|educatio,https://graphpermissions.merill.net/permission/EduAssignments.ReadWriteBasic.html
EduAssignments.ReadBasic,False,False,Read users' class assignments without grades,28,,,educationassignment-get-rubric|educationassignment-get|educationassignment-list-categories|education,https://graphpermissions.merill.net/permission/EduAssignments.ReadBasic.html
EduRoster.ReadWrite,False,False,Read and write users' view of the roster,3,,,educationclass-delta|educationclass-delta|educationschool-delta|educationuser-delta|,https://graphpermissions.merill.net/permission/EduRoster.ReadWrite.html
EduRoster.Read,False,False,Read users' view of the roster,7,,,educationclass-delta|educationuser-get-user|educationuser-get-user|educationclass-delta|educationcla,https://graphpermissions.merill.net/permission/EduRoster.Read.html
EduRoster.ReadBasic,False,False,Read a limited subset of users' view of the roster,27,,,educationclass-delta|educationclass-get|educationclass-list-members|educationclass-list-schools|educ,https://graphpermissions.merill.net/permission/EduRoster.ReadBasic.html
UserTimelineActivity.Write.CreatedByApp,False,False,Write app activity to users' timeline,0,,,,https://graphpermissions.merill.net/permission/UserTimelineActivity.Write.CreatedByApp.html
Device.Command,False,False,Communicate with user devices,2,,,get-device-command-status|get-device-command-status|send-device-command|,https://graphpermissions.merill.net/permission/Device.Command.html
Device.Read,False,False,Read user devices,1,,,user-list-devices|,https://graphpermissions.merill.net/permission/Device.Read.html
Notes.ReadWrite,False,False,Read and write user OneNote notebooks,115,,,notebook-copynotebook|notebook-copynotebook|notebook-copynotebook|notebook-copynotebook|notebook-cop,https://graphpermissions.merill.net/permission/Notes.ReadWrite.html
Notes.Read,False,False,Read user OneNote notebooks,63,,,notebook-get|notebook-get|notebook-get|notebook-get|notebook-get|notebook-get|notebook-get|notebook-,https://graphpermissions.merill.net/permission/Notes.Read.html
Notes.ReadWrite.CreatedByApp,False,False,Limited notebook access (deprecated),0,,,,https://graphpermissions.merill.net/permission/Notes.ReadWrite.CreatedByApp.html
Notes.Create,False,False,Create user OneNote notebooks,94,,,notebook-copynotebook|notebook-copynotebook|notebook-copynotebook|notebook-copynotebook|notebook-cop,https://graphpermissions.merill.net/permission/Notes.Create.html
Files.Read.Selected,False,False,Read files that the user selects (preview),0,,,,https://graphpermissions.merill.net/permission/Files.Read.Selected.html
Files.ReadWrite.Selected,False,False,Read and write files that the user selects (preview),0,,,,https://graphpermissions.merill.net/permission/Files.ReadWrite.Selected.html
Files.ReadWrite.AppFolder,False,False,Have full access to the application's folder (preview),1,,,drive-get-specialfolder|drive-get-specialfolder|,https://graphpermissions.merill.net/permission/Files.ReadWrite.AppFolder.html
Tasks.ReadWrite.Shared,False,False,Read and write user and shared tasks,0,,,,https://graphpermissions.merill.net/permission/Tasks.ReadWrite.Shared.html
Tasks.Read.Shared,False,False,Read user and shared tasks,0,,,,https://graphpermissions.merill.net/permission/Tasks.Read.Shared.html
Contacts.ReadWrite.Shared,False,False,Read and write user and shared contacts,0,,,,https://graphpermissions.merill.net/permission/Contacts.ReadWrite.Shared.html
Contacts.Read.Shared,False,False,Read user and shared contacts,0,,,,https://graphpermissions.merill.net/permission/Contacts.Read.Shared.html
Calendars.ReadWrite.Shared,False,False,Read and write user and shared calendars,2,,,user-findmeetingtimes|user-findmeetingtimes|user-findmeetingtimes|user-findmeetingtimes|,https://graphpermissions.merill.net/permission/Calendars.ReadWrite.Shared.html
Calendars.Read.Shared,False,False,Read user and shared calendars,4,,,user-findmeetingtimes|user-findmeetingtimes|user-list-calendars|user-list-calendars|user-list-calend,https://graphpermissions.merill.net/permission/Calendars.Read.Shared.html
Mail.Send.Shared,False,False,Send mail on behalf of others,0,,,,https://graphpermissions.merill.net/permission/Mail.Send.Shared.html
Mail.ReadWrite.Shared,False,False,Read and write user and shared mail,0,,,,https://graphpermissions.merill.net/permission/Mail.ReadWrite.Shared.html
Mail.Read.Shared,False,False,Read user and shared mail,2,,,user-getmailtips|user-getmailtips|user-getmailtips|user-getmailtips|,https://graphpermissions.merill.net/permission/Mail.Read.Shared.html
User.Read,False,False,Sign in and read user profile,137,,,application-list|application-list|educationuser-get-user|educationuser-get-user|organization-get|org,https://graphpermissions.merill.net/permission/User.Read.html
User.ReadWrite,False,False,Read and write access to user profile,242,,,profilephoto-get|profilephoto-get|profilephoto-get|profilephoto-get|profilephoto-get|profilephoto-ge,https://graphpermissions.merill.net/permission/User.ReadWrite.html
User.ReadBasic.All,False,False,Read all users' basic profiles,129,,,directoryobject-checkmembergroups|directoryobject-checkmembergroups|directoryobject-checkmembergroup,https://graphpermissions.merill.net/permission/User.ReadBasic.All.html
Directory.AccessAsUser.All,False,False,Access directory as the signed in user,272,,,administrativeunit-delete-members|administrativeunit-delete-scopedrolemembers|administrativeunit-del,https://graphpermissions.merill.net/permission/Directory.AccessAsUser.All.html
Files.Read,False,False,Read user files,112,,,drive-get-specialfolder|drive-get-specialfolder|drive-get|drive-get|drive-list-following|drive-list|,https://graphpermissions.merill.net/permission/Files.Read.html
Files.ReadWrite,False,False,Have full access to user files,991,,,chart-delete|chart-delete|chart-get|chart-get|chart-image|chart-image|chart-image|chart-image|chart-,https://graphpermissions.merill.net/permission/Files.ReadWrite.html
openid,False,False,Sign users in,0,,,,https://graphpermissions.merill.net/permission/openid.html
email,False,False,View users' email address,0,,,,https://graphpermissions.merill.net/permission/email.html
profile,False,False,View users' basic profile,0,,,,https://graphpermissions.merill.net/permission/profile.html
People.Read,False,False,Read users' relevant people lists,2,,,user-list-people|user-list-people|user-list-people|user-list-people|user-list-people|user-list-peopl,https://graphpermissions.merill.net/permission/People.Read.html
Bookings.Read.All,False,False,Read bookings information,13,,,bookingappointment-get|bookingbusiness-get|bookingbusiness-list-appointments|bookingbusiness-list-ca,https://graphpermissions.merill.net/permission/Bookings.Read.All.html
BookingsAppointment.ReadWrite.All,False,False,Read and write booking appointments,20,,,bookingappointment-cancel|bookingappointment-delete|bookingappointment-get|bookingappointment-update,https://graphpermissions.merill.net/permission/BookingsAppointment.ReadWrite.All.html
Bookings.ReadWrite.All,False,False,Read and write bookings information,27,,,bookingappointment-cancel|bookingappointment-delete|bookingappointment-get|bookingappointment-update,https://graphpermissions.merill.net/permission/Bookings.ReadWrite.All.html
Bookings.Manage.All,False,False,Manage bookings information,31,,,bookingappointment-cancel|bookingappointment-delete|bookingappointment-get|bookingappointment-update,https://graphpermissions.merill.net/permission/Bookings.Manage.All.html
EAS.AccessAsUser.All,False,False,Access mailboxes via Exchange ActiveSync,0,,,,https://graphpermissions.merill.net/permission/EAS.AccessAsUser.All.html
Financials.ReadWrite.All,False,False,Read and write financials data,77,,,dynamics-account-get|dynamics-account-get|dynamics-agedaccountspayable-get|dynamics-agedaccountspaya,https://graphpermissions.merill.net/permission/Financials.ReadWrite.All.html
OnlineMeetings.Read,False,False,Read user's online meetings,2,,,onlinemeeting-get|onlinemeeting-get|onlinemeeting-get|onlinemeeting-get|,https://graphpermissions.merill.net/permission/OnlineMeetings.Read.html
OnlineMeetings.ReadWrite,False,False,Read and create user's online meetings,11,,,application-post-onlinemeetings|application-post-onlinemeetings|onlinemeeting-createorget|onlinemeet,https://graphpermissions.merill.net/permission/OnlineMeetings.ReadWrite.html
TeamsActivity.Read,False,False,Read user's teamwork activity feed,0,,,,https://graphpermissions.merill.net/permission/TeamsActivity.Read.html
ExternalItem.Read.All,False,False,Read items in external datasets,1,,,search-query|search-query|,https://graphpermissions.merill.net/permission/ExternalItem.Read.All.html
ChannelMessage.Delete,False,False,Delete user's channel messages,0,,,,https://graphpermissions.merill.net/permission/ChannelMessage.Delete.html
ChannelMessage.Edit,False,False,Edit user's channel messages,0,,,,https://graphpermissions.merill.net/permission/ChannelMessage.Edit.html
ChannelMessage.Send,False,False,Send channel messages,2,,,channel-post-messagereply|channel-post-messages|chatmessage-post-replies|chatmessage-post|channel-po,https://graphpermissions.merill.net/permission/ChannelMessage.Send.html
TeamsApp.Read,False,False,Read user's installed Teams apps,0,,,,https://graphpermissions.merill.net/permission/TeamsApp.Read.html
TeamsApp.ReadWrite,False,False,Manage user's Teams apps,0,,,,https://graphpermissions.merill.net/permission/TeamsApp.ReadWrite.html
Place.Read,False,False,Read user places,0,,,,https://graphpermissions.merill.net/permission/Place.Read.html
Place.ReadWrite,False,False,Read and write user places,0,,,,https://graphpermissions.merill.net/permission/Place.ReadWrite.html
Place.ReadWrite.All,False,False,Read and write organization places,1,,,place-update|place-update|,https://graphpermissions.merill.net/permission/Place.ReadWrite.All.html
Place.Read.Shared,False,False,Read user places for delegates,0,,,,https://graphpermissions.merill.net/permission/Place.Read.Shared.html
ThreatAssessment.ReadWrite.All,False,False,Read and write threat assessment requests,3,,,informationprotection-list-threatassessmentrequests|informationprotection-post-threatassessmentreque,https://graphpermissions.merill.net/permission/ThreatAssessment.ReadWrite.All.html
UserAuthenticationMethod.ReadWrite,False,False,Read and write user authentication methods,64,,,authentication-list-methods|authentication-list-methods|authenticationmethod-get|authenticationmetho,https://graphpermissions.merill.net/permission/UserAuthenticationMethod.ReadWrite.html
UserAuthenticationMethod.Read,False,False,Read user authentication methods.,41,,,authentication-list-methods|authentication-list-methods|authenticationmethod-get|authenticationmetho,https://graphpermissions.merill.net/permission/UserAuthenticationMethod.Read.html
IMAP.AccessAsUser.All,False,False,Read and write access to mailboxes via IMAP.,0,,,,https://graphpermissions.merill.net/permission/IMAP.AccessAsUser.All.html
POP.AccessAsUser.All,False,False,Read and write access to mailboxes via POP.,0,,,,https://graphpermissions.merill.net/permission/POP.AccessAsUser.All.html
SMTP.Send,False,False,Send emails from mailboxes using SMTP AUTH.,0,,,,https://graphpermissions.merill.net/permission/SMTP.Send.html
Subscription.Read.All,False,False,"Read all webhook subscriptions ",0,,,,https://graphpermissions.merill.net/permission/Subscription.Read.All.html
Approval.Read.All,False,False,Read approvals,0,,,,https://graphpermissions.merill.net/permission/Approval.Read.All.html
Approval.ReadWrite.All,False,False,Read and write approvals,0,,,,https://graphpermissions.merill.net/permission/Approval.ReadWrite.All.html
Presence.Read,False,False,Read user's presence information,3,,,presence-get|presence-get|presence-get|presence-get|presence-get|presence-get|,https://graphpermissions.merill.net/permission/Presence.Read.html
Presence.Read.All,False,False,Read presence information of all users in your organization,4,,,cloudcommunications-getpresencesbyuserid|presence-get|presence-get|presence-get|cloudcommunications-,https://graphpermissions.merill.net/permission/Presence.Read.All.html
Printer.Create,False,False,Register printers  ,3,,,printer-create|printoperation-get|printer-create|printoperation-get|,https://graphpermissions.merill.net/permission/Printer.Create.html
Printer.FullControl.All,False,False,"Register, read, update, and unregister printers",21,,,print-list-printers|printer-create|printer-delete-tasktrigger|printer-delete|printer-get|printer-get,https://graphpermissions.merill.net/permission/Printer.FullControl.All.html
PrinterShare.Read.All,False,False,Read printer shares,8,,,print-list-shares|printer-list-shares|printershare-get|printershare-get|printershare-list-allowedgro,https://graphpermissions.merill.net/permission/PrinterShare.Read.All.html
PrinterShare.ReadWrite.All,False,False,Read and write printer shares,22,,,print-list-shares|print-post-shares|printer-list-shares|printershare-delete-allowedgroup|printershar,https://graphpermissions.merill.net/permission/PrinterShare.ReadWrite.All.html
PrintJob.Read,False,False,Read user's print jobs,7,,,printdocument-get-file|printer-list-jobs|printershare-list-jobs|printjob-get|printdocument-get-file|,https://graphpermissions.merill.net/permission/PrintJob.Read.html
PrintJob.ReadBasic,False,False,Read basic information of user's print jobs,5,,,printer-list-jobs|printershare-list-jobs|printjob-get|printer-list-jobs|printershare-list-jobs|print,https://graphpermissions.merill.net/permission/PrintJob.ReadBasic.html
PrintJob.ReadWrite,False,False,Read and write user's print jobs,17,,,printdocument-createuploadsession|printdocument-get-file|printer-list-jobs|printer-post-jobs|printer,https://graphpermissions.merill.net/permission/PrintJob.ReadWrite.html
PrintJob.ReadWriteBasic,False,False,Read and write basic information of user's print jobs,13,,,printer-list-jobs|printer-post-jobs|printershare-list-jobs|printershare-post-jobs|printjob-cancel|pr,https://graphpermissions.merill.net/permission/PrintJob.ReadWriteBasic.html
Policy.ReadWrite.DeviceConfiguration,False,False,Read and write your organization's device configuration policies,0,,,,https://graphpermissions.merill.net/permission/Policy.ReadWrite.DeviceConfiguration.html
AppCatalog.Submit,False,False,Submit application packages to the catalog and cancel pending submissions,10,,,appcatalogs-list-teamsapps|teamsapp-delete|teamsapp-publish|teamsapp-update|teamworkbot-get|appcatal,https://graphpermissions.merill.net/permission/AppCatalog.Submit.html
TeamsAppInstallation.ReadForChat,False,False,Read installed Teams apps in chats,3,,,chat-get-installedapps|chat-list-installedapps|chat-get-installedapps|chat-list-installedapps|chat-l,https://graphpermissions.merill.net/permission/TeamsAppInstallation.ReadForChat.html
TeamsAppInstallation.ReadForTeam,False,False,Read installed Teams apps in teams,3,,,team-get-installedapps|team-list-installedapps|team-get-installedapps|team-list-installedapps|team-l,https://graphpermissions.merill.net/permission/TeamsAppInstallation.ReadForTeam.html
TeamsAppInstallation.ReadForUser,False,False,Read user's installed Teams apps,4,,,team-get-installedapps|userscopeteamsappinstallation-get-chat|userteamwork-get-installedapps|usertea,https://graphpermissions.merill.net/permission/TeamsAppInstallation.ReadForUser.html
TeamsAppInstallation.ReadWriteForTeam,False,False,Manage installed Teams apps in teams,6,,,team-delete-installedapps|team-get-installedapps|team-list-installedapps|team-post-installedapps|tea,https://graphpermissions.merill.net/permission/TeamsAppInstallation.ReadWriteForTeam.html
TeamsAppInstallation.ReadWriteSelfForChat,False,False,Allow the Teams app to manage itself in chats,6,,,chat-delete-installedapps|chat-get-installedapps|chat-list-installedapps|chat-post-installedapps|cha,https://graphpermissions.merill.net/permission/TeamsAppInstallation.ReadWriteSelfForChat.html
TeamsAppInstallation.ReadWriteSelfForTeam,False,False,Allow the app to manage itself in teams,2,,,team-get-installedapps|team-get-installedapps|team-get-installedapps|team-get-installedapps|team-lis,https://graphpermissions.merill.net/permission/TeamsAppInstallation.ReadWriteSelfForTeam.html
TeamsAppInstallation.ReadWriteSelfForUser,False,False,Allow the Teams app to manage itself for a user,6,,,userscopeteamsappinstallation-get-chat|userteamwork-delete-installedapps|userteamwork-get-installeda,https://graphpermissions.merill.net/permission/TeamsAppInstallation.ReadWriteSelfForUser.html
TeamsAppInstallation.ReadWriteForUser,False,False,Manage user's installed Teams apps,6,,,userscopeteamsappinstallation-get-chat|userteamwork-delete-installedapps|userteamwork-get-installeda,https://graphpermissions.merill.net/permission/TeamsAppInstallation.ReadWriteForUser.html
ShortNotes.Read,False,False,Read short notes of the signed-in user,0,,,,https://graphpermissions.merill.net/permission/ShortNotes.Read.html
ShortNotes.ReadWrite,False,False,"Read, create, edit, and delete short notes of the signed-in user",0,,,,https://graphpermissions.merill.net/permission/ShortNotes.ReadWrite.html
ChatMessage.Send,False,False,Send user chat messages,2,,,chat-post-messages|chatmessage-post|chat-post-messages|chatmessage-post|,https://graphpermissions.merill.net/permission/ChatMessage.Send.html
Chat.ReadBasic,False,False,Read names and members of user chat threads,16,,,chat-get-members|chat-get-members|chat-get|chat-get|chat-get|chat-list-members|chat-list-members|cha,https://graphpermissions.merill.net/permission/Chat.ReadBasic.html
TeamsAppInstallation.ReadWriteForChat,False,False,Manage installed Teams apps in chats,6,,,chat-delete-installedapps|chat-get-installedapps|chat-list-installedapps|chat-post-installedapps|cha,https://graphpermissions.merill.net/permission/TeamsAppInstallation.ReadWriteForChat.html
Tasks.ReadWrite,False,False,"Create, read, update, and delete user’s tasks and task lists",117,,,linkedresource-delete|linkedresource-delete|linkedresource-delete|linkedresource-delete|linkedresour,https://graphpermissions.merill.net/permission/Tasks.ReadWrite.html
Tasks.Read,False,False,Read user's tasks and task lists,58,,,planner-list-buckets|planner-list-plans|planner-list-tasks|plannerassignedtotaskboardtaskformat-get|,https://graphpermissions.merill.net/permission/Tasks.Read.html
ChatMessage.Read,False,False,Read user chat messages,0,,,,https://graphpermissions.merill.net/permission/ChatMessage.Read.html
TeamsTab.ReadWriteForChat,False,False,Allow the Teams app to manage all tabs in chats,5,,,chat-delete-tabs|chat-delete-tabs|chat-get-tabs|chat-list-tabs|chat-patch-tabs|chat-patch-tabs|chat-,https://graphpermissions.merill.net/permission/TeamsTab.ReadWriteForChat.html
TeamsTab.ReadWriteForTeam,False,False,Allow the Teams app to manage all tabs in teams,7,,,channel-delete-tabs|channel-get-tabs|channel-list-tabs|channel-patch-tabs|channel-post-tabs|channel-,https://graphpermissions.merill.net/permission/TeamsTab.ReadWriteForTeam.html
TeamsTab.ReadWriteForUser,False,False,Allow the Teams app to manage all tabs for a user,0,,,,https://graphpermissions.merill.net/permission/TeamsTab.ReadWriteForUser.html
ChatMember.Read,False,False,Read the members of chats,5,,,chat-get-members|chat-get-members|chat-list-members|chat-list-members|chat-get-members|chat-get-memb,https://graphpermissions.merill.net/permission/ChatMember.Read.html
ChatMember.ReadWrite,False,False,Add and remove members from chats,7,,,chat-delete-members|chat-get-members|chat-get-members|chat-list-members|chat-list-members|chat-post-,https://graphpermissions.merill.net/permission/ChatMember.ReadWrite.html
PrintSettings.ReadWrite.All,False,False,Read and write tenant-wide print settings,2,,,print-get-settings|print-update-settings|print-get-settings|print-update-settings|,https://graphpermissions.merill.net/permission/PrintSettings.ReadWrite.All.html
PrintConnector.ReadWrite.All,False,False,Read and write print connectors,9,,,print-list-connectors|printconnector-delete|printconnector-get|printconnector-update|printer-list-co,https://graphpermissions.merill.net/permission/PrintConnector.ReadWrite.All.html
PrintConnector.Read.All,False,False,Read print connectors,5,,,print-list-connectors|printconnector-get|printer-list-connectors|print-list-connectors|printconnecto,https://graphpermissions.merill.net/permission/PrintConnector.Read.All.html
PrinterShare.ReadBasic.All,False,False,Read basic information about printer shares,4,,,print-list-shares|printer-list-shares|printershare-get|printershare-get|print-list-shares|printersha,https://graphpermissions.merill.net/permission/PrinterShare.ReadBasic.All.html
PrintJob.Create,False,False,Create print jobs,5,,,printdocument-createuploadsession|printer-post-jobs|printjob-start|printdocument-createuploadsession,https://graphpermissions.merill.net/permission/PrintJob.Create.html
Calls.JoinGroupCallsasGuest.All,False,False,,4,,,application-post-calls|call-answer|application-post-calls|application-post-calls|call-answer|call-an,https://graphpermissions.merill.net/permission/Calls.JoinGroupCallsasGuest.All.html
Calls.JoinGroupCalls.All,False,False,,18,,,application-post-calls|call-answer|call-updaterecordingstatus|application-post-calls|application-pos,https://graphpermissions.merill.net/permission/Calls.JoinGroupCalls.All.html
Calls.InitiateGroupCalls.All,False,False,,16,,,application-post-calls|participant-invite|application-post-calls|application-post-calls|audiorouting,https://graphpermissions.merill.net/permission/Calls.InitiateGroupCalls.All.html
TeamsTab.Delete.Group,False,False,,1,,,channel-delete-tabs|channel-delete-tabs|,https://graphpermissions.merill.net/permission/TeamsTab.Delete.Group.html
TeamsTab.ReadWrite.Group,False,False,,5,,,channel-delete-tabs|channel-get-tabs|channel-list-tabs|channel-patch-tabs|channel-delete-tabs|channe,https://graphpermissions.merill.net/permission/TeamsTab.ReadWrite.Group.html
Channel.Delete.Group,False,False,,1,,,channel-delete|channel-delete|,https://graphpermissions.merill.net/permission/Channel.Delete.Group.html
TeamsTab.Read.Group,False,False,,3,,,channel-get-tabs|channel-list-tabs|channel-get-tabs|channel-list-tabs|,https://graphpermissions.merill.net/permission/TeamsTab.Read.Group.html
ChannelSettings.Read.Group,False,False,,3,,,channel-get|channel-list|team-get-primarychannel|channel-get|channel-list|team-get-primarychannel|,https://graphpermissions.merill.net/permission/ChannelSettings.Read.Group.html
ChannelSettings.ReadWrite.Group,False,False,,4,,,channel-get|channel-list|channel-patch|team-get-primarychannel|channel-get|channel-list|channel-patc,https://graphpermissions.merill.net/permission/ChannelSettings.ReadWrite.Group.html
ChannelMessage.Read.Group,False,False,,9,,,channel-list-messages|chatmessage-delta|chatmessage-get|chatmessage-get|chatmessage-list-hostedconte,https://graphpermissions.merill.net/permission/ChannelMessage.Read.Group.html
TeamsTab.Create.Group,False,False,,2,,,channel-post-tabs|channel-post-tabs|,https://graphpermissions.merill.net/permission/TeamsTab.Create.Group.html
Channel.Create.Group,False,False,,1,,,channel-post|channel-post|,https://graphpermissions.merill.net/permission/Channel.Create.Group.html
Chat.ReadWrite.All.,False,False,,2,,,chat-get-members|chat-get-members|,https://graphpermissions.merill.net/permission/Chat.ReadWrite.All..html
ChannelMember.ReadWrite,False,False,,2,,,conversationmember-get|conversationmember-get|,https://graphpermissions.merill.net/permission/ChannelMember.ReadWrite.html
TeamMember.Read.Group,False,False,,4,,,conversationmember-get|conversationmember-get|team-get-members|team-list-members|team-get-members|te,https://graphpermissions.merill.net/permission/TeamMember.Read.Group.html
EduRoster.Write,False,False,,4,,,educationuser-get-user|educationuser-get-user|educationclass-get-group|educationschool-get-administr,https://graphpermissions.merill.net/permission/EduRoster.Write.html
Group.ReadBasic.All,False,False,,2,,,group-list-photos|group-list-photos|group-list-photos|group-list-photos|group-list-photos|group-list,https://graphpermissions.merill.net/permission/Group.ReadBasic.All.html
DeviceManagementManagedDevices.PriviligedOperation.All,False,False,,200,,,intune-devices-manageddevice-bypassactivationlock|intune-devices-manageddevice-bypassactivationlock|,https://graphpermissions.merill.net/permission/DeviceManagementManagedDevices.PriviligedOperation.All.html
roles,False,False,,5,,,permission-update|permission-update|permission-update|permission-update|permission-update|permission,https://graphpermissions.merill.net/permission/roles.html
expirationDateTime,False,False,,5,,,permission-update|permission-update|permission-update|permission-update|permission-update|permission,https://graphpermissions.merill.net/permission/expirationDateTime.html
PermissionGrantPolicy.ReadWrite.All,False,False,,5,,,permissiongrantpolicy-delete-excludes|permissiongrantpolicy-delete-excludes|permissiongrantpolicy-de,https://graphpermissions.merill.net/permission/PermissionGrantPolicy.ReadWrite.All.html
Application.Read.OwnedBy,False,False,,1,,,serviceprincipal-list-delegatedpermissionclassifications|serviceprincipal-list-delegatedpermissioncl,https://graphpermissions.merill.net/permission/Application.Read.OwnedBy.html
ServiceMessageViewpoint.Write,False,False,,6,,,serviceupdatemessage-archive|serviceupdatemessage-favorite|serviceupdatemessage-markread|serviceupda,https://graphpermissions.merill.net/permission/ServiceMessageViewpoint.Write.html
TeamSettings.ReadWrite.Group,False,False,,6,,,team-archive|team-get|team-unarchive|team-update|team-archive|team-get-photo|team-get-photo|team-get,https://graphpermissions.merill.net/permission/TeamSettings.ReadWrite.Group.html
TeamsAppInstallation.Read.Group,False,False,,3,,,team-get-installedapps|team-list-installedapps|team-get-installedapps|team-list-installedapps|team-l,https://graphpermissions.merill.net/permission/TeamsAppInstallation.Read.Group.html
TeamSettings.Read.Group,False,False,,3,,,team-get|team-get-photo|team-get-photo|team-get|,https://graphpermissions.merill.net/permission/TeamSettings.Read.Group.html
TeamsActivity.Send.Group,False,False,,1,,,team-sendactivitynotification|team-sendactivitynotification|,https://graphpermissions.merill.net/permission/TeamsActivity.Send.Group.html
TeamMember.ReadWrite.All.,False,False,,1,,,team-update-members|team-update-members|team-update-members|team-update-members|,https://graphpermissions.merill.net/permission/TeamMember.ReadWrite.All..html
Policy.ReadWrite.AccessReviews,False,False,,4,,,accessreviewpolicy-get|accessreviewpolicy-get|accessreviewpolicy-get|accessreviewpolicy-get|accessre,https://graphpermissions.merill.net/permission/Policy.ReadWrite.AccessReviews.html
ConsentRequest.ReadWrite.All.,False,False,,1,,,appconsentrequest-list|,https://graphpermissions.merill.net/permission/ConsentRequest.ReadWrite.All..html
Calls.JoinGroupCalls.Chat,False,False,,2,,,application-post-calls|application-post-calls|,https://graphpermissions.merill.net/permission/Calls.JoinGroupCalls.Chat.html
BitLockerKey.ReadBasic.All,False,False,,2,,,bitlocker-list-recoverykeys|bitlockerrecoverykey-get|,https://graphpermissions.merill.net/permission/BitLockerKey.ReadBasic.All.html
BitLockerKey.Read.All,False,False,,2,,,bitlocker-list-recoverykeys|bitlockerrecoverykey-get|,https://graphpermissions.merill.net/permission/BitLockerKey.Read.All.html
File.Read.Group,False,False,,1,,,channel-get-filesfolder|,https://graphpermissions.merill.net/permission/File.Read.Group.html
ChannelMember.ReadWrite.All.,False,False,,1,,,channel-update-members|channel-update-members|,https://graphpermissions.merill.net/permission/ChannelMember.ReadWrite.All..html
Chat.Manage.Chat,False,False,,17,,,chat-delete-installedapps|chat-delete-members|chat-get-installedapps|chat-get-members|chat-get-membe,https://graphpermissions.merill.net/permission/Chat.Manage.Chat.html
TeamsTab.Delete.Chat,False,False,,1,,,chat-delete-tabs|,https://graphpermissions.merill.net/permission/TeamsTab.Delete.Chat.html
TeamsTab.ReadWrite.Chat,False,False,,4,,,chat-delete-tabs|chat-get-tabs|chat-patch-tabs|chat-post-tabs|,https://graphpermissions.merill.net/permission/TeamsTab.ReadWrite.Chat.html
TeamsAppInstallation.Read.Chat,False,False,,3,,,chat-get-installedapps|chat-list-installedapps|chat-list-permissiongrants|,https://graphpermissions.merill.net/permission/TeamsAppInstallation.Read.Chat.html
ChatMember.Read.Chat,False,False,,4,,,chat-get-members|chat-get-members|chat-list-members|chat-list-members|,https://graphpermissions.merill.net/permission/ChatMember.Read.Chat.html
TeamsTab.Read.Chat,False,False,,1,,,chat-get-tabs|,https://graphpermissions.merill.net/permission/TeamsTab.Read.Chat.html
ChatSettings.Read.Chat,False,False,,5,,,chat-get|chat-get|chat-get|chat-list-operations|teamsasyncoperation-get|,https://graphpermissions.merill.net/permission/ChatSettings.Read.Chat.html
ChatSettings.ReadWrite.Chat,False,False,,6,,,chat-get|chat-get|chat-get|chat-list-operations|chat-patch|teamsasyncoperation-get|,https://graphpermissions.merill.net/permission/ChatSettings.ReadWrite.Chat.html
ChatMessage.Read.Chat,False,False,,9,,,chat-list-messages|chat-list-messages|chat-list-messages|chatmessage-get|chatmessage-get|chatmessage,https://graphpermissions.merill.net/permission/ChatMessage.Read.Chat.html
ResourceSpecificPermissionGrant.ReadForChat,False,False,,1,,,chat-list-permissiongrants|,https://graphpermissions.merill.net/permission/ResourceSpecificPermissionGrant.ReadForChat.html
ResourceSpecificPermissionGrant.ReadForChat.All,False,False,,1,,,chat-list-permissiongrants|,https://graphpermissions.merill.net/permission/ResourceSpecificPermissionGrant.ReadForChat.All.html
TeamsTab.Create.Chat,False,False,,1,,,chat-post-tabs|,https://graphpermissions.merill.net/permission/TeamsTab.Create.Chat.html
TeamsActivity.Send.Chat,False,False,,1,,,chat-sendactivitynotification|,https://graphpermissions.merill.net/permission/TeamsActivity.Send.Chat.html
EduRoster.WriteWrite.All,False,False,,2,,,educationschool-delta|educationuser-delta|,https://graphpermissions.merill.net/permission/EduRoster.WriteWrite.All.html
DeviceManagementApps.ReadW.All,False,False,,1,,,intune-shared-deviceappmanagement-get|intune-shared-deviceappmanagement-get|,https://graphpermissions.merill.net/permission/DeviceManagementApps.ReadW.All.html
CloudPC.ReadWrite.All.,False,False,,1,,,manageddevice-reprovisioncloudpc|,https://graphpermissions.merill.net/permission/CloudPC.ReadWrite.All..html
ManagedTenants.Read.All,False,False,,19,,,managedtenants-managedtenant-list-managementactions|managedtenants-managedtenant-list-managementacti,https://graphpermissions.merill.net/permission/ManagedTenants.Read.All.html
ManagedTenants.ReadWrite.All,False,False,,22,,,managedtenants-managedtenant-list-managementactions|managedtenants-managedtenant-list-managementacti,https://graphpermissions.merill.net/permission/ManagedTenants.ReadWrite.All.html
ManagedTenants.WriteRead.All,False,False,,7,,,managedtenants-managedtenant-list-tenanttags|managedtenants-managedtenant-post-tenanttags|managedten,https://graphpermissions.merill.net/permission/ManagedTenants.WriteRead.All.html
OrgContact.Read,False,False,,1,,,orgcontact-get-transitivereports|orgcontact-get-transitivereports|,https://graphpermissions.merill.net/permission/OrgContact.Read.html
ProgramControl.Read.All`,False,False,,1,,,programcontroltype-list|,https://graphpermissions.merill.net/permission/ProgramControl.Read.All`.html
TeamsApp.Read.Group,False,False,,1,,,team-list-permissiongrants|,https://graphpermissions.merill.net/permission/TeamsApp.Read.Group.html
Files.ReadWrite.,False,False,,1,,,workbookoperation-get|,https://graphpermissions.merill.net/permission/Files.ReadWrite..html
